file_name,file_type,file_id
Omaal63.comTamil Young Aunty Homemade Threesome Fuck 1.mp4,video,BAACAgUAAyEFAASpj81CAAMFaHFV0Yp7rkx9BJawY0dLnuCoO30AAp4dAAJasohXstSk1rxa-sw2BA
Bong_Beauty_Fucked_Unrated_Adult_Short_Film(2)(1)(1)(1).mp4,video,BAACAgUAAyEFAASpj81CAAMGaHFWOenw4xbeaStQ3eVWbn9EZpIAAqAdAAJasohXJJ9vBX139-42BA
Mallu_Aunty_VC_2_AdobeExpress(1).mp4,video,BAACAgUAAyEFAASpj81CAAMHaHFWWGFhTlsDyJ68m1FHGbUp8CEAAqEdAAJasohXV3OiywnIrog2BA
Desi Bhabhi Blowjob and Fucked 02.mp4,video,BAACAgUAAyEFAASpj81CAAMIaHFWgMoWSKgqQKy125AaG3PDr0UAAqIdAAJasohX1UpgjZv2fEg2BA
Vid8.mp4(1).mp4,video,BAACAgUAAyEFAASpj81CAAMJaHFWoBp9WSJ-XkmtncFP1KuaTqgAAqMdAAJasohX1n4ZIqEOwFM2BA
2023-08-03-23-50-55.mp4,video,BAACAgUAAyEFAASpj81CAAMKaHFW3IfsY79w5mI3kcVP1TP2xbQAAqQdAAJasohXyycszSmjpMg2BA
aurora_maharaj786_Roaming_Naked_in_Room_&_Giving_Handjob_on_StripChat.mp4,video,BAACAgUAAyEFAASpj81CAAMLaHFW8vhXXJ6xNaP8vRvCXoRnNiUAAqUdAAJasohXnyfNiHWCHaQ2BA
vid_720p_69688.mp4,video,BAACAgUAAyEFAASpj81CAAMMaHFW_gpd_nwMTpwZKmGlTgEsHCoAAqYdAAJasohXfNyfQpDpseA2BA
post_000 (TG-Bhat kanda official).mp4,video,BAACAgUAAyEFAASpj81CAAMNaHFXEkm3buPZftH2wK0UZnWrufAAAqcdAAJasohXXajmrJKipuY2BA
VID_20220907_045714_075.mp4,video,BAACAgUAAyEFAASpj81CAAMOaHFXI4x2uCx-NmMrO3Xgu5lSRrYAAqgdAAJasohXTuTq0tswRSk2BA
2024-01-23-16-25-02(1).mp4,video,BAACAgUAAyEFAASpj81CAAMPaHFXLkWi67dj8bFTHRGOUUUzZGUAAqkdAAJasohX4KNS2Xdp2bM2BA
1_dropmms_com_AdobeExpress_20230528_012303.mp4,video,BAACAgUAAyEFAASpj81CAAMQaHFXO5cFgK7uu3TgntCRGWvMReMAAqsdAAJasohX5I7dhauUvPs2BA
2024-06-05-02-16-47.mp4,video,BAACAgUAAyEFAASpj81CAAMRaHFXR4eJopM9ZqXUXfft0sFUDd4AAqwdAAJasohXFM47nFSx7z42BA
StreamA2z8.mp4,video,BAACAgUAAyEFAASpj81CAAMSaHFXViI3Ss3jmYq3rPZ0pJg1FXkAAq0dAAJasohXgbx_zS-LKZY2BA
5_6323432989296430906.mp4,video,BAACAgUAAyEFAASpj81CAAMTaHFXYjgaG4lSHbOPjK5lW5dbEAsAAq4dAAJasohXwoX0Fos0gqE2BA
VID_20231130_160617_796.mp4,video,BAACAgUAAyEFAASpj81CAAMUaHFXa_JZnMrfKH6vhepvKoMhcHEAAq8dAAJasohXgZ7CF8n23dQ2BA
Post 209 video 4.mp4,video,BAACAgUAAyEFAASpj81CAAMVaHFXfqWdqE1kXCs6y4fHif-k1KYAArAdAAJasohXa8pGJ21-S6g2BA
Indian hot wife sex with boyfriend in the morning 480p.mp4,video,BAACAgUAAyEFAASpj81CAAMWaHFXmmD0j5oO0CaxiLg03IlEdcYAArEdAAJasohX3FcpLGilzXQ2BA
How_It_Excites_Them_...amster_4.mp4,video,BAACAgUAAyEFAASpj81CAAMXaHFXpqI9o3D0d1towq-73kwwapYAArIdAAJasohXJ6J_NH6pIns2BA
Post 233 video 4.mp4,video,BAACAgUAAyEFAASpj81CAAMYaHFXrMYj9jdUQEQS-gVO6gOQiBgAArMdAAJasohXCDw0YoYPwfs2BA
Sexy Head.mp4 at Streamtape.com.mp4,video,BAACAgUAAyEFAASpj81CAAMZaHFXvQx9vMvSIp0uf8fBljXqY5AAArQdAAJasohX7DmgqbbD54c2BA
VID-1666793484002(1)(1)(1)(1).mp4,video,BAACAgUAAyEFAASpj81CAAMaaHFX0aNPZ9G1DRpf3NjRSCfrVdgAArUdAAJasohX7ZoCVLPcj8w2BA
XoLinksreal 5_20240117_183520.mp4,video,BAACAgUAAyEFAASpj81CAAMbaHFX39Cy4VUUcZWLiDT9uyThqqIAArYdAAJasohXUhX-TfTkeaU2BA
Indian Desi Newly married couple _on cam.mp4,video,BAACAgUAAyEFAASpj81CAAMcaHFX6-GN-M-omCxKDekXJ6dIpGYAArcdAAJasohX0aLQbXGuzUY2BA
xvideos.com_8753bc0568b11cd30920b3a90b29c85a.mp4,video,BAACAgUAAyEFAASpj81CAAMdaHFX8sM6lWSXb74L8nKhaueHhtYAArgdAAJasohXTwxJcxhPqrU2BA
VID-20240319-WA0041.mp4,video,BAACAgUAAyEFAASpj81CAAMeaHFYBc71i_OXPWSSDJJ-qDSl9JoAArkdAAJasohXZp_n2KF9f0g2BA
VID-20240314-WA0020(1).mp4,video,BAACAgUAAyEFAASpj81CAAMfaHFYHUaZc2b5qlgaATGV9yL9RMEAArodAAJasohXuqNlVfuN93M2BA
5_y_720p(TG-Bhat kanda official).mp4,video,BAACAgUAAyEFAASpj81CAAMgaHFYJsEfk22Ow5BK2s9zQBARctAAArsdAAJasohXe8PrWPJGn9U2BA
29982.mp4,video,BAACAgUAAyEFAASpj81CAAMhaHFYRFZGpU_n3LvYYzdloV5sPkAAArwdAAJasohX5MX2VqHz-kc2BA
VID_20231207_110816_344(1).mp4,document,BQACAgUAAyEFAASpj81CAAMiaHFYTjfncYj0LpsQdyfM_Us2-G8AAr0dAAJasohXkS7Q-ia5zYo2BA
2023-05-05-21-56-57.mp4,video,BAACAgUAAyEFAASpj81CAAMjaHFYVvswgtWI29yPQmrLQxlL6ycAAr4dAAJasohXf2R0fdvnZ_02BA
2023-12-19-22-18-59(2).mp4,video,BAACAgUAAyEFAASpj81CAAMkaHFYXBIWupLOLO8-Uc45bOierosAAr8dAAJasohXqmpCX7Sv1Wk2BA
2023-10-01-00-26-43(1).mp4,video,BAACAgUAAyEFAASpj81CAAMlaHFYYhwOyjPynTgeXAd_hy3pbhYAAsAdAAJasohXk7ECfpA9DyQ2BA
2023-11-22-18-37-01.mp4,video,BAACAgUAAyEFAASpj81CAAMmaHFYZ04kAAFZQJwHs4LnE9U1A1FZAALBHQACWrKIV9VmYQYsGOb-NgQ
2023-05-22-05-35-17(1).mp4,video,BAACAgUAAyEFAASpj81CAAMnaHFYeXIO3gzoplUcV3B9BCU5ORgAAsIdAAJasohX6OfIUD-6UOA2BA
ghjnrjne.mp4,video,BAACAgUAAyEFAASpj81CAAMoaHFYgnPNhwLXLyvbqke31PX1bWkAAsMdAAJasohXcpydMDGmNxE2BA
VID_20231104_224202_418.mp4,video,BAACAgUAAyEFAASpj81CAAMpaHFYiGJ3zoXpO3-PcreOrkfNFxcAAuIXAAJ8aYhXWy1gMhYeUWg2BA
Mi_Princesa_Nudist_Family_Tube_HD_Porn_Video_5d_xHamster_xHamster.mp4,video,BAACAgUAAyEFAASpj81CAAMqaHFYjD0PPR7powEEQUZNbArgsUsAAsQdAAJasohXq5WFFGRmPXo2BA
2024-03-06-21-58-24.mp4,video,BAACAgUAAyEFAASpj81CAAMraHFYj9gze0B1zi1U0B0h3f2kCcMAAsUdAAJasohXWiPaGDi_Qa02BA
VID_20240831_173309_877.mp4,video,BAACAgUAAyEFAASpj81CAAMsaHFYkv4v4nLtXeUtGWTi5oBaoFcAAsYdAAJasohXve-Dx-qR2ek2BA
Post 194 video 3.mp4,video,BAACAgUAAyEFAASpj81CAAMtaHFYlVcpfeOk6dy2u_JijftQkvgAAscdAAJasohXTw0wwRmmTNI2BA
2024-05-05-23-05-34.mp4,video,BAACAgUAAyEFAASpj81CAAMuaHFYmCJDXzrn0qnHeF9YdqwL_QcAAsgdAAJasohXwclZxpgh4tc2BA
2024-05-14-14-13-38.mp4,video,BAACAgUAAyEFAASpj81CAAMvaHFYnHtiCyuka0lpSHloNTO_CtcAAskdAAJasohXKgN0lraNhoM2BA
rsmibth.mp4,video,BAACAgUAAyEFAASpj81CAAMwaHFYnh6q4W31wt9jcWSvEycXXZQAAsodAAJasohX_f-e5UpANW42BA
@hot_guru_-_1_@Ullu_telugu_HD(1).mp4,video,BAACAgUAAyEFAASpj81CAAMxaHFYobZaZphOjqT8xIB43us6XW4AAssdAAJasohXIt3La_g20cI2BA
2024-11-07-16-02-18(2)(1).mp4,video,BAACAgUAAyEFAASpj81CAAMyaHFYpLRaoHWXRZpx1GLGVddBsXMAAswdAAJasohX0g5IH_YLwZI2BA
VID-1667733936588(1).mp4,video,BAACAgUAAyEFAASpj81CAAMzaHFYpz22Hgwg73xTdrYwjRQuC64AAs0dAAJasohXzhhGXFmOlLA2BA
2023-06-06-17-51-39(1).mp4,video,BAACAgUAAyEFAASpj81CAAM0aHFYqWC2DtNu5MVg9cW44pBz3jYAAs4dAAJasohXKtC36gd_gm42BA
telegram @Desipremier SVQ80D.mp4,video,BAACAgUAAyEFAASpj81CAAM1aHFYraQQAAEYQUJc2Pi-xhNUimusAALPHQACWrKIV5wgNpzxPUr0NgQ
4383738 1.mp4,video,BAACAgUAAyEFAASpj81CAANsaHFZQ5_u0qDs_cGmTKJsztgeuYMAAgceAAJasohXmB66Gi4qIYc2BA
2023-12-02-00-57-26.mp4,video,BAACAgUAAyEFAASpj81CAANtaHFZRPNYXSZz3yBiNOVr2bGDk1IAAggeAAJasohX2CIjCMVZBOs2BA
vid5(1)(1)(1)(1)(1).mp4,video,BAACAgUAAyEFAASpj81CAANuaHFZRUlBvIpiUlrvzJtmo4dukQIAAgkeAAJasohXQ0nnzGwzto82BA
2023-06-02-20-28-28(4).mp4,video,BAACAgUAAyEFAASpj81CAANvaHFZRnX4gtOy72r1qAu6JKzpixoAAgoeAAJasohXJMu6EJEVGK42BA
VID_2022110By_@Desipremier_On_Telegram.mp4,video,BAACAgUAAyEFAASpj81CAANwaHFZR6uq5hqfd_-8U9Hkwpl50b4AAgseAAJasohXStFFkx3mMt82BA
VID-20230521-WA0043(1)(1).mp4,video,BAACAgUAAyEFAASpj81CAANxaHFZSJBfe-2MPwdgIuL-BWh5h2kAAgweAAJasohXiOTuwDSjCvI2BA
18_20s Videos_547.mp4,video,BAACAgUAAyEFAASpj81CAANyaHFZSQ-VY0hQ0XN_c4J78zaaOJ0AAg0eAAJasohXND1EPDri69g2BA
VID_20240329_005452_392.mp4,video,BAACAgUAAyEFAASpj81CAANzaHFZSgTpCpntVtNJ3AKZxqvYDiAAAg4eAAJasohXEh7obEmVpMo2BA
By_@Desi4d_On_Telegram_(21).mp4,video,BAACAgUAAyEFAASpj81CAAN0aHFZS8gObgFE-PlSkI9eyRt9MTkAAg8eAAJasohXAAGJrzM2GGgXNgQ
5_6053063526702909172(1)(1).mp4,video,BAACAgUAAyEFAASpj81CAAN1aHFZTZn753lJ-RMdygel1N8AAcOnAAIQHgACWrKIV4slJQw4mbBTNgQ
jokargirls-1568062102040113152-640x360.mp4,video,BAACAgUAAyEFAASpj81CAAN2aHFZTTbecq89LjWPBfySGxlCEyoAAhEeAAJasohXD7geJOg7yxo2BA
Hot Indian desi couple.mp4,video,BAACAgUAAyEFAASpj81CAAN3aHFZTki7msnxIbDQ6WwRs2Pj52AAAhIeAAJasohX8QevRT1H7Mc2BA
2023-09-09-17-48-55(6).mp4,video,BAACAgUAAyEFAASpj81CAAN4aHFZT0s0Yml77c4AAZxPMLY_xqrlAAITHgACWrKIV5ncunaI9PqfNgQ
cfm 1.mp4,video,BAACAgUAAyEFAASpj81CAAN5aHFZUKPP40aM1onxf6IkFKAKuqkAAhQeAAJasohXMAEz0XBy7ag2BA
By_@Desiace_On_Telegram2023-08-20-15-05-13.mp4,video,BAACAgUAAyEFAASpj81CAAN6aHFZUfYSpvh1YZNV3ZaePn2nCNoAAhUeAAJasohXA0uiqd8fkRY2BA
By_@Desipremier_On_Telegram_milkeygirls_1566941119841464320_351.mp4,video,BAACAgUAAyEFAASpj81CAAN7aHFZUoVNTu9KtzYwrR6aou3ptHQAAhYeAAJasohXUFuRwp7BQKY2BA
2023-07-10-13-39-36(3).mp4,video,BAACAgUAAyEFAASpj81CAAN8aHFZU_mxnh1T85lSvFc21ZcOD-IAAhceAAJasohXm3ZhuPDH78o2BA
2024-01-30-16-28-45(1).mp4,video,BAACAgUAAyEFAASpj81CAAN9aHFZUzRungSP9JLmS3mET7Ry1dMAAhgeAAJasohXhB1dGoEZq1w2BA
By_@Desipremier_On_Telegram_2023-12-16-13-53-03.mp4,video,BAACAgUAAyEFAASpj81CAAN-aHFZVLzDcNIFdA_6bNPlGeCTV0IAAhkeAAJasohXDozVy3FwqYM2BA
"@Thundrasikanbot_,വരുമ്പോ_പറയണേ_മല്ലു_ഓഡിയോ.mp4",video,BAACAgUAAyEFAASpj81CAAN_aHFZVQqjIQS83eNnEzaah794ymkAAhoeAAJasohXWxJEPrkHzhs2BA
By_@Desi4d_On_Telegram_(7).mp4,video,BAACAgUAAyEFAASpj81CAAOAaHFZVocGcwir4dl1HytuDbyDMsMAAhseAAJasohXEfOfMQsWDHg2BA
X7.mp4,video,BAACAgUAAyEFAASpj81CAAOBaHFZV4CJjal2xZ3QOthoTs8Be3sAAhweAAJasohXvOO3051rOSA2BA
VID-20230212-WA0205(1).mp4,video,BAACAgUAAyEFAASpj81CAAOCaHFZVxxvK3pXbPRLccXMo9bRQUUAAh0eAAJasohXK7gwUIpIov82BA
2024-11-29-13-46-04(1)(1).mp4,video,BAACAgUAAyEFAASpj81CAAODaHFZWHw8O8klFt4cBClaJoKDhQEAAh4eAAJasohXQ92Eim9JqYo2BA
2023-11-15-15-39-05.mp4,video,BAACAgUAAyEFAASpj81CAAOEaHFZWXZf7hbtn3lSpv-Ii-Z8T5IAAh8eAAJasohXvZPBmsm5IPQ2BA
Search karo TG-@Clips50 (25OcTv12.mp4,video,BAACAgUAAyEFAASpj81CAAOFaHFZWUT_9CagvmyAwbLssVfg5uYAAiAeAAJasohXqaVdG54j1782BA
Despremier.mp4,video,BAACAgUAAyEFAASpj81CAAOGaHFZWuZWtl_ikAzr8l5ejZfRnz0AAiEeAAJasohX2NgQ-uC3d4k2BA
video_2022-08-22_14-40-32.mp4,video,BAACAgUAAyEFAASpj81CAAOHaHFZWmv-wHZVHeRB0GpLdhAzx90AAiIeAAJasohXJiIe8ZDnVjw2BA
2023-12-16-16-22-01(2).mp4,video,BAACAgUAAyEFAASpj81CAAOIaHFZW5jFpwPJdFHxOEkzAAHOUwWVAAIjHgACWrKIV49S61zRNk-yNgQ
IG   Ashleelstud (11).mp4,video,BAACAgUAAyEFAASpj81CAAOJaHFZXFgDW5vO104fVxDu12D6X6kAAiQeAAJasohXtOt75ZFCULY2BA
vid (3)(1).mp4,video,BAACAgUAAyEFAASpj81CAAOKaHFZXGJEVXwSrFjX5jWPdLvgS6oAAiUeAAJasohX2o89zjdnneo2BA
2023-10-15-18-37-48.mp4,video,BAACAgUAAyEFAASpj81CAAOLaHFZXagiJnY7NL18CgkmHUQHSm8AAiYeAAJasohXLGSRrzMAAfgjNgQ
2023-11-10-12-37-49(2).mp4,video,BAACAgUAAyEFAASpj81CAAOMaHFZXnl5tuap4w6WfGGxmJ27HFgAAiceAAJasohX0vq_eb1UlW02BA
5_6129631210063791774_20230405_002303.mp4,document,CgACAgUAAyEFAASpj81CAAONaHFZXqt7yvzJKhyMoEIP6cQ5efoAAigeAAJasohXfOa_ZINjEjk2BA
2023-06-16-14-17-55(6)(4).mp4,video,BAACAgUAAyEFAASpj81CAAOOaHFZX9r7Sg1j69DU4YHabDd2KvEAAikeAAJasohXmj4nlvTedS02BA
2023-11-03-23-08-30.mp4,video,BAACAgUAAyEFAASpj81CAAOPaHFZXy0C0uprl6b_ZdXdZgV8lU0AAioeAAJasohXs3MPZEKxgEw2BA
2024-11-01-23-56-37.mp4,video,BAACAgUAAyEFAASpj81CAAOQaHFZYJEjyX_OS1CqzLegyawYtUUAAiseAAJasohXqkdQa3rxS-U2BA
video.mp4,video,BAACAgUAAyEFAASpj81CAAORaHFZYBULCbKs3Qww97jnxBnI-UQAAiweAAJasohXWjUc2h2KxtY2BA
2023-05-15-16-16-30(1).mp4,video,BAACAgUAAyEFAASpj81CAAOSaHFZYefwvyu0rkcEc3FeOEt9gv8AAi0eAAJasohX99zlqTwW1YA2BA
2023-06-28-12-20-58(2).mp4,video,BAACAgUAAyEFAASpj81CAAOTaHFZYcpSp7kYzCypHV4CQ5Lwm7QAAi4eAAJasohXg1p-c9ZDq8M2BA
IG   Ashleelstud (8).mp4,video,BAACAgUAAyEFAASpj81CAAOUaHFZYpg4CW7ooR1UlQY7DNWtSB0AAi8eAAJasohXsOpISJfePf82BA
2023-10-14-13-54-46(1).mp4,video,BAACAgUAAyEFAASpj81CAAOVaHFZYk5pdXoAARbg9kJxJVoPLwYwAAIwHgACWrKIV3t1TZYC7tA2NgQ
VID_20231116_104843_336.mp4,video,BAACAgUAAyEFAASpj81CAAOWaHFZY46jowc2SRVMKtpo_nFszi0AAjEeAAJasohXcGO3C_Z8aAg2BA
IG   Ashleelstud (14).mp4,video,BAACAgUAAyEFAASpj81CAAOXaHFZY7qcMmv4QIXcnt7tdGekEdQAAjIeAAJasohXbCFsBgO1d7I2BA
TG  Ashleelstud (1).mp4,video,BAACAgUAAyEFAASpj81CAAOYaHFZZMMcq3En7OO7K7g-YvVt9VoAAjMeAAJasohXnuDwuEEAAbinNgQ
2024-09-01-14-47-13(1).mp4,video,BAACAgUAAyEFAASpj81CAAOZaHFZZE5AKn5_13FeunY9nQABu1p9AAI0HgACWrKIV2SuXS2aLJLXNgQ
20190415_013157_754 Telegram Search (  @banglixvideos )..mp4,video,BAACAgUAAyEFAASpj81CAAOaaHFZZRzA795ohZErv_WKST2-MskAAjUeAAJasohXF9lKxS8t4H02BA
2023-05-16-21-35-37.mp4,video,BAACAgUAAyEFAASpj81CAAObaHFZZk9MWK4JUqRV008ury8NqOkAAjYeAAJasohX7acta1Y-4Q42BA
2023-11-22-10-35-21(1).mp4,video,BAACAgUAAyEFAASpj81CAAOcaHFZZigJPDZrw16hwonwlYh6948AAjceAAJasohXJETrtllzciY2BA
2023-11-18-14-46-17(2).mp4,video,BAACAgUAAyEFAASpj81CAAOdaHFZZqhAnHBl5yb9hbs4nDETiN0AAjgeAAJasohXAQqLmMw64jo2BA
2023-12-17-17-38-35.mp4,video,BAACAgUAAyEFAASpj81CAAOeaHFZZpquHQgDSOnd2AZD9Gv1BzAAAjkeAAJasohXuqxKVmfyMfA2BA
2023-07-15-12-36-10.mp4,video,BAACAgUAAyEFAASpj81CAAOfaHFZZuOYr4gIhXys7HkUTPghtV4AAjoeAAJasohXYg_-A8Wm1mk2BA
